htz,deg,m,m/s,target
0.0,0.3048,71.3,0.00266337,126.20100000000001
0.0,0.3048,71.3,0.00266337,125.20100000000001
0.0,0.3048,71.3,0.00266337,125.95100000000001
0.0,0.3048,71.3,0.00266337,127.59100000000001
0.0,0.3048,71.3,0.00266337,127.461
0.0,0.3048,71.3,0.00266337,125.571
0.0,0.3048,71.3,0.00266337,125.20100000000001
0.0,0.3048,71.3,0.00266337,123.061
0.0,0.3048,71.3,0.00266337,121.301
0.0,0.3048,71.3,0.00266337,119.541
0.0,0.3048,71.3,0.00266337,117.15100000000001
0.0,0.3048,71.3,0.00266337,115.391
0.0,0.3048,71.3,0.00266337,112.241
0.0,0.3048,71.3,0.00266337,108.721
0.0,0.3048,55.5,0.00283081,126.416
0.0,0.3048,55.5,0.00283081,127.696
0.0,0.3048,55.5,0.00283081,128.086
0.0,0.3048,55.5,0.00283081,126.96600000000001
0.0,0.3048,55.5,0.00283081,126.086
0.0,0.3048,55.5,0.00283081,126.986
0.0,0.3048,55.5,0.00283081,126.616
0.0,0.3048,55.5,0.00283081,124.10600000000001
0.0,0.3048,55.5,0.00283081,123.236
0.0,0.3048,55.5,0.00283081,121.10600000000001
0.0,0.3048,55.5,0.00283081,119.60600000000001
0.0,0.3048,55.5,0.00283081,117.976
0.0,0.3048,55.5,0.00283081,116.476
0.0,0.3048,55.5,0.00283081,113.07600000000001
0.0,0.3048,55.5,0.00283081,111.07600000000001
0.0,0.3048,39.6,0.00310138,118.12899999999999
0.0,0.3048,39.6,0.00310138,119.319
0.0,0.3048,39.6,0.00310138,122.779
0.0,0.3048,39.6,0.00310138,124.809
0.0,0.3048,39.6,0.00310138,126.959
0.0,0.3048,39.6,0.00310138,128.629
0.0,0.3048,39.6,0.00310138,129.099
0.0,0.3048,39.6,0.00310138,127.899
0.0,0.3048,39.6,0.00310138,125.499
0.0,0.3048,39.6,0.00310138,124.04899999999999
0.0,0.3048,39.6,0.00310138,123.689
0.0,0.3048,39.6,0.00310138,121.399
0.0,0.3048,39.6,0.00310138,120.319
0.0,0.3048,39.6,0.00310138,119.229
0.0,0.3048,39.6,0.00310138,117.789
0.0,0.3048,39.6,0.00310138,116.229
0.0,0.3048,39.6,0.00310138,114.779
0.0,0.3048,39.6,0.00310138,112.139
0.0,0.3048,39.6,0.00310138,109.619
0.0,0.3048,31.7,0.00331266,117.195
0.0,0.3048,31.7,0.00331266,118.595
0.0,0.3048,31.7,0.00331266,122.765
0.0,0.3048,31.7,0.00331266,125.045
0.0,0.3048,31.7,0.00331266,127.315
0.0,0.3048,31.7,0.00331266,129.095
0.0,0.3048,31.7,0.00331266,129.235
0.0,0.3048,31.7,0.00331266,127.365
0.0,0.3048,31.7,0.00331266,124.355
0.0,0.3048,31.7,0.00331266,122.365
0.0,0.3048,31.7,0.00331266,122.375
0.0,0.3048,31.7,0.00331266,120.755
0.0,0.3048,31.7,0.00331266,119.135
0.0,0.3048,31.7,0.00331266,118.145
0.0,0.3048,31.7,0.00331266,115.645
0.0,0.3048,31.7,0.00331266,113.775
0.0,0.3048,31.7,0.00331266,110.515
0.0,0.3048,31.7,0.00331266,108.265
1.5,0.3048,71.3,0.00336729,127.12200000000001
1.5,0.3048,71.3,0.00336729,125.992
1.5,0.3048,71.3,0.00336729,125.87200000000001
1.5,0.3048,71.3,0.00336729,126.632
1.5,0.3048,71.3,0.00336729,126.64200000000001
1.5,0.3048,71.3,0.00336729,124.512
1.5,0.3048,71.3,0.00336729,123.39200000000001
1.5,0.3048,71.3,0.00336729,121.762
1.5,0.3048,71.3,0.00336729,119.632
1.5,0.3048,71.3,0.00336729,118.12200000000001
1.5,0.3048,71.3,0.00336729,115.37200000000001
1.5,0.3048,71.3,0.00336729,113.492
1.5,0.3048,71.3,0.00336729,109.22200000000001
1.5,0.3048,71.3,0.00336729,106.58200000000001
1.5,0.3048,39.6,0.00392107,121.851
1.5,0.3048,39.6,0.00392107,124.001
1.5,0.3048,39.6,0.00392107,126.661
1.5,0.3048,39.6,0.00392107,128.311
1.5,0.3048,39.6,0.00392107,128.83100000000002
1.5,0.3048,39.6,0.00392107,127.581
1.5,0.3048,39.6,0.00392107,125.211
1.5,0.3048,39.6,0.00392107,122.211
1.5,0.3048,39.6,0.00392107,122.101
1.5,0.3048,39.6,0.00392107,120.98100000000001
1.5,0.3048,39.6,0.00392107,119.111
1.5,0.3048,39.6,0.00392107,117.741
1.5,0.3048,39.6,0.00392107,116.241
1.5,0.3048,39.6,0.00392107,114.751
1.5,0.3048,39.6,0.00392107,112.251
1.5,0.3048,39.6,0.00392107,108.991
1.5,0.3048,39.6,0.00392107,106.111
3.0,0.3048,71.3,0.00425727,127.564
3.0,0.3048,71.3,0.00425727,128.454
3.0,0.3048,71.3,0.00425727,129.35399999999998
3.0,0.3048,71.3,0.00425727,129.494
3.0,0.3048,71.3,0.00425727,129.004
3.0,0.3048,71.3,0.00425727,127.634
3.0,0.3048,71.3,0.00425727,126.514
3.0,0.3048,71.3,0.00425727,125.524
3.0,0.3048,71.3,0.00425727,124.024
3.0,0.3048,71.3,0.00425727,121.514
3.0,0.3048,71.3,0.00425727,120.264
3.0,0.3048,71.3,0.00425727,118.134
3.0,0.3048,71.3,0.00425727,116.134
3.0,0.3048,71.3,0.00425727,114.634
3.0,0.3048,71.3,0.00425727,110.22399999999999
3.0,0.3048,55.5,0.00452492,126.15899999999999
3.0,0.3048,55.5,0.00452492,128.179
3.0,0.3048,55.5,0.00452492,129.569
3.0,0.3048,55.5,0.00452492,129.94899999999998
3.0,0.3048,55.5,0.00452492,129.329
3.0,0.3048,55.5,0.00452492,127.329
3.0,0.3048,55.5,0.00452492,124.439
3.0,0.3048,55.5,0.00452492,123.069
3.0,0.3048,55.5,0.00452492,122.439
3.0,0.3048,55.5,0.00452492,120.189
3.0,0.3048,55.5,0.00452492,118.689
3.0,0.3048,55.5,0.00452492,117.309
3.0,0.3048,55.5,0.00452492,115.679
3.0,0.3048,55.5,0.00452492,113.79899999999999
3.0,0.3048,55.5,0.00452492,112.169
3.0,0.3048,39.6,0.00495741,123.31200000000001
3.0,0.3048,39.6,0.00495741,125.47200000000001
3.0,0.3048,39.6,0.00495741,127.632
3.0,0.3048,39.6,0.00495741,129.292
3.0,0.3048,39.6,0.00495741,129.55200000000002
3.0,0.3048,39.6,0.00495741,128.312
3.0,0.3048,39.6,0.00495741,125.802
3.0,0.3048,39.6,0.00495741,122.78200000000001
3.0,0.3048,39.6,0.00495741,120.53200000000001
3.0,0.3048,39.6,0.00495741,120.162
3.0,0.3048,39.6,0.00495741,118.92200000000001
3.0,0.3048,39.6,0.00495741,116.792
3.0,0.3048,39.6,0.00495741,115.792
3.0,0.3048,39.6,0.00495741,114.042
3.0,0.3048,39.6,0.00495741,110.652
3.0,0.3048,31.7,0.00529514,123.118
3.0,0.3048,31.7,0.00529514,125.398
3.0,0.3048,31.7,0.00529514,127.54799999999999
3.0,0.3048,31.7,0.00529514,128.69799999999998
3.0,0.3048,31.7,0.00529514,128.708
3.0,0.3048,31.7,0.00529514,126.838
3.0,0.3048,31.7,0.00529514,124.838
3.0,0.3048,31.7,0.00529514,122.088
3.0,0.3048,31.7,0.00529514,120.088
3.0,0.3048,31.7,0.00529514,119.598
3.0,0.3048,31.7,0.00529514,118.10799999999999
3.0,0.3048,31.7,0.00529514,115.60799999999999
3.0,0.3048,31.7,0.00529514,113.85799999999999
3.0,0.3048,31.7,0.00529514,109.71799999999999
4.0,0.3048,71.3,0.00497773,126.395
4.0,0.3048,71.3,0.00497773,128.175
4.0,0.3048,71.3,0.00497773,129.575
4.0,0.3048,71.3,0.00497773,130.715
4.0,0.3048,71.3,0.00497773,131.615
4.0,0.3048,71.3,0.00497773,131.755
4.0,0.3048,71.3,0.00497773,131.015
4.0,0.3048,71.3,0.00497773,129.395
4.0,0.3048,71.3,0.00497773,126.645
4.0,0.3048,71.3,0.00497773,124.395
4.0,0.3048,71.3,0.00497773,123.775
4.0,0.3048,71.3,0.00497773,121.775
4.0,0.3048,71.3,0.00497773,119.535
4.0,0.3048,71.3,0.00497773,117.785
4.0,0.3048,71.3,0.00497773,116.165
4.0,0.3048,71.3,0.00497773,113.665
4.0,0.3048,71.3,0.00497773,110.905
4.0,0.3048,71.3,0.00497773,107.405
4.0,0.3048,39.6,0.00579636,123.54299999999999
4.0,0.3048,39.6,0.00579636,126.84299999999999
4.0,0.3048,39.6,0.00579636,128.63299999999998
4.0,0.3048,39.6,0.00579636,130.173
4.0,0.3048,39.6,0.00579636,131.07299999999998
4.0,0.3048,39.6,0.00579636,130.72299999999998
4.0,0.3048,39.6,0.00579636,128.72299999999998
4.0,0.3048,39.6,0.00579636,126.34299999999999
4.0,0.3048,39.6,0.00579636,123.213
4.0,0.3048,39.6,0.00579636,120.963
4.0,0.3048,39.6,0.00579636,120.23299999999999
4.0,0.3048,39.6,0.00579636,118.743
4.0,0.3048,39.6,0.00579636,115.863
4.0,0.3048,39.6,0.00579636,113.73299999999999
0.0,0.2286,71.3,0.00214345,128.144
0.0,0.2286,71.3,0.00214345,129.134
0.0,0.2286,71.3,0.00214345,128.244
0.0,0.2286,71.3,0.00214345,128.35399999999998
0.0,0.2286,71.3,0.00214345,127.834
0.0,0.2286,71.3,0.00214345,125.824
0.0,0.2286,71.3,0.00214345,124.304
0.0,0.2286,71.3,0.00214345,122.044
0.0,0.2286,71.3,0.00214345,118.024
0.0,0.2286,71.3,0.00214345,118.134
0.0,0.2286,71.3,0.00214345,117.624
0.0,0.2286,71.3,0.00214345,114.984
0.0,0.2286,71.3,0.00214345,114.47399999999999
0.0,0.2286,55.5,0.00229336,119.54
0.0,0.2286,55.5,0.00229336,121.66
0.0,0.2286,55.5,0.00229336,123.78
0.0,0.2286,55.5,0.00229336,126.16
0.0,0.2286,55.5,0.00229336,127.53
0.0,0.2286,55.5,0.00229336,128.29
0.0,0.2286,55.5,0.00229336,127.91
0.0,0.2286,55.5,0.00229336,126.79
0.0,0.2286,55.5,0.00229336,126.54
0.0,0.2286,55.5,0.00229336,126.54
0.0,0.2286,55.5,0.00229336,125.16
0.0,0.2286,55.5,0.00229336,123.41
0.0,0.2286,55.5,0.00229336,122.41
0.0,0.2286,55.5,0.00229336,118.41
0.0,0.2286,39.6,0.00253511,121.055
0.0,0.2286,39.6,0.00253511,123.565
0.0,0.2286,39.6,0.00253511,126.195
0.0,0.2286,39.6,0.00253511,128.705
0.0,0.2286,39.6,0.00253511,130.205
0.0,0.2286,39.6,0.00253511,130.435
0.0,0.2286,39.6,0.00253511,129.395
0.0,0.2286,39.6,0.00253511,127.095
0.0,0.2286,39.6,0.00253511,125.305
0.0,0.2286,39.6,0.00253511,125.025
0.0,0.2286,39.6,0.00253511,124.625
0.0,0.2286,39.6,0.00253511,123.465
0.0,0.2286,39.6,0.00253511,122.175
0.0,0.2286,39.6,0.00253511,117.465
0.0,0.2286,31.7,0.0027238,120.595
0.0,0.2286,31.7,0.0027238,123.635
0.0,0.2286,31.7,0.0027238,126.675
0.0,0.2286,31.7,0.0027238,129.465
0.0,0.2286,31.7,0.0027238,130.725
0.0,0.2286,31.7,0.0027238,130.595
0.0,0.2286,31.7,0.0027238,128.805
0.0,0.2286,31.7,0.0027238,125.625
0.0,0.2286,31.7,0.0027238,123.455
0.0,0.2286,31.7,0.0027238,123.445
0.0,0.2286,31.7,0.0027238,123.445
0.0,0.2286,31.7,0.0027238,122.035
0.0,0.2286,31.7,0.0027238,120.505
0.0,0.2286,31.7,0.0027238,116.815
2.0,0.2286,71.3,0.00293031,125.116
2.0,0.2286,71.3,0.00293031,126.486
2.0,0.2286,71.3,0.00293031,127.35600000000001
2.0,0.2286,71.3,0.00293031,128.216
2.0,0.2286,71.3,0.00293031,128.95600000000002
2.0,0.2286,71.3,0.00293031,128.816
2.0,0.2286,71.3,0.00293031,127.796
2.0,0.2286,71.3,0.00293031,126.896
2.0,0.2286,71.3,0.00293031,127.006
2.0,0.2286,71.3,0.00293031,126.116
2.0,0.2286,71.3,0.00293031,124.086
2.0,0.2286,71.3,0.00293031,122.816
2.0,0.2286,71.3,0.00293031,120.786
2.0,0.2286,71.3,0.00293031,115.99600000000001
2.0,0.2286,71.3,0.00293031,113.086
2.0,0.2286,55.5,0.00313525,122.292
2.0,0.2286,55.5,0.00313525,124.69200000000001
2.0,0.2286,55.5,0.00313525,126.84200000000001
2.0,0.2286,55.5,0.00313525,128.49200000000002
2.0,0.2286,55.5,0.00313525,129.002
2.0,0.2286,55.5,0.00313525,128.762
2.0,0.2286,55.5,0.00313525,126.75200000000001
2.0,0.2286,55.5,0.00313525,124.61200000000001
2.0,0.2286,55.5,0.00313525,123.86200000000001
2.0,0.2286,55.5,0.00313525,123.742
2.0,0.2286,55.5,0.00313525,122.23200000000001
2.0,0.2286,55.5,0.00313525,120.47200000000001
2.0,0.2286,55.5,0.00313525,118.712
2.0,0.2286,39.6,0.00346574,120.137
2.0,0.2286,39.6,0.00346574,122.147
2.0,0.2286,39.6,0.00346574,125.15700000000001
2.0,0.2286,39.6,0.00346574,127.417
2.0,0.2286,39.6,0.00346574,129.037
2.0,0.2286,39.6,0.00346574,129.14700000000002
2.0,0.2286,39.6,0.00346574,128.257
2.0,0.2286,39.6,0.00346574,125.837
2.0,0.2286,39.6,0.00346574,122.79700000000001
2.0,0.2286,39.6,0.00346574,121.397
2.0,0.2286,39.6,0.00346574,121.62700000000001
2.0,0.2286,39.6,0.00346574,120.227
2.0,0.2286,39.6,0.00346574,118.82700000000001
2.0,0.2286,39.6,0.00346574,116.417
2.0,0.2286,31.7,0.00372371,120.147
2.0,0.2286,31.7,0.00372371,123.417
2.0,0.2286,31.7,0.00372371,126.677
2.0,0.2286,31.7,0.00372371,129.05700000000002
2.0,0.2286,31.7,0.00372371,130.30700000000002
2.0,0.2286,31.7,0.00372371,130.30700000000002
2.0,0.2286,31.7,0.00372371,128.67700000000002
2.0,0.2286,31.7,0.00372371,125.79700000000001
2.0,0.2286,31.7,0.00372371,123.037
2.0,0.2286,31.7,0.00372371,121.40700000000001
2.0,0.2286,31.7,0.00372371,121.527
2.0,0.2286,31.7,0.00372371,120.527
2.0,0.2286,31.7,0.00372371,118.26700000000001
2.0,0.2286,31.7,0.00372371,115.137
4.0,0.2286,71.3,0.00400603,126.758
4.0,0.2286,71.3,0.00400603,129.03799999999998
4.0,0.2286,71.3,0.00400603,130.688
4.0,0.2286,71.3,0.00400603,131.708
4.0,0.2286,71.3,0.00400603,131.718
4.0,0.2286,71.3,0.00400603,129.468
4.0,0.2286,71.3,0.00400603,126.21799999999999
4.0,0.2286,71.3,0.00400603,124.338
4.0,0.2286,71.3,0.00400603,124.10799999999999
4.0,0.2286,71.3,0.00400603,121.728
4.0,0.2286,71.3,0.00400603,121.118
4.0,0.2286,71.3,0.00400603,118.618
4.0,0.2286,71.3,0.00400603,112.848
4.0,0.2286,71.3,0.00400603,113.10799999999999
4.0,0.2286,71.3,0.00400603,114.258
4.0,0.2286,71.3,0.00400603,112.76799999999999
4.0,0.2286,71.3,0.00400603,109.63799999999999
4.0,0.2286,55.5,0.0042861999999999996,123.274
4.0,0.2286,55.5,0.0042861999999999996,127.314
4.0,0.2286,55.5,0.0042861999999999996,129.964
4.0,0.2286,55.5,0.0042861999999999996,131.864
4.0,0.2286,55.5,0.0042861999999999996,132.134
4.0,0.2286,55.5,0.0042861999999999996,131.264
4.0,0.2286,55.5,0.0042861999999999996,128.264
4.0,0.2286,55.5,0.0042861999999999996,124.25399999999999
4.0,0.2286,55.5,0.0042861999999999996,122.384
4.0,0.2286,55.5,0.0042861999999999996,122.39399999999999
4.0,0.2286,55.5,0.0042861999999999996,120.654
4.0,0.2286,55.5,0.0042861999999999996,120.03399999999999
4.0,0.2286,55.5,0.0042861999999999996,117.154
4.0,0.2286,55.5,0.0042861999999999996,112.524
4.0,0.2286,39.6,0.00473801,122.229
4.0,0.2286,39.6,0.00473801,123.87899999999999
4.0,0.2286,39.6,0.00473801,127.039
4.0,0.2286,39.6,0.00473801,129.579
4.0,0.2286,39.6,0.00473801,130.469
4.0,0.2286,39.6,0.00473801,129.969
4.0,0.2286,39.6,0.00473801,128.339
4.0,0.2286,39.6,0.00473801,125.319
4.0,0.2286,39.6,0.00473801,121.65899999999999
4.0,0.2286,39.6,0.00473801,119.649
4.0,0.2286,39.6,0.00473801,120.419
4.0,0.2286,39.6,0.00473801,119.15899999999999
4.0,0.2286,39.6,0.00473801,117.649
4.0,0.2286,39.6,0.00473801,114.249
4.0,0.2286,39.6,0.00473801,113.12899999999999
4.0,0.2286,31.7,0.00509068,120.189
4.0,0.2286,31.7,0.00509068,123.609
4.0,0.2286,31.7,0.00509068,126.149
4.0,0.2286,31.7,0.00509068,128.939
4.0,0.2286,31.7,0.00509068,130.349
4.0,0.2286,31.7,0.00509068,130.869
4.0,0.2286,31.7,0.00509068,129.869
4.0,0.2286,31.7,0.00509068,128.119
4.0,0.2286,31.7,0.00509068,125.229
4.0,0.2286,31.7,0.00509068,122.089
4.0,0.2286,31.7,0.00509068,120.209
4.0,0.2286,31.7,0.00509068,120.229
4.0,0.2286,31.7,0.00509068,118.859
4.0,0.2286,31.7,0.00509068,115.969
4.0,0.2286,31.7,0.00509068,112.699
5.3,0.2286,71.3,0.0051942,127.7
5.3,0.2286,71.3,0.0051942,129.88
5.3,0.2286,71.3,0.0051942,131.8
5.3,0.2286,71.3,0.0051942,133.48
5.3,0.2286,71.3,0.0051942,134.0
5.3,0.2286,71.3,0.0051942,133.38
5.3,0.2286,71.3,0.0051942,130.46
5.3,0.2286,71.3,0.0051942,125.89
5.3,0.2286,71.3,0.0051942,123.74
5.3,0.2286,71.3,0.0051942,123.12
5.3,0.2286,71.3,0.0051942,120.33
5.3,0.2286,71.3,0.0051942,118.05
5.3,0.2286,71.3,0.0051942,116.92
5.3,0.2286,71.3,0.0051942,114.9
5.3,0.2286,71.3,0.0051942,111.35
5.3,0.2286,39.6,0.00614329,127.01100000000001
5.3,0.2286,39.6,0.00614329,129.691
5.3,0.2286,39.6,0.00614329,131.221
5.3,0.2286,39.6,0.00614329,132.251
5.3,0.2286,39.6,0.00614329,132.011
5.3,0.2286,39.6,0.00614329,129.491
5.3,0.2286,39.6,0.00614329,125.581
5.3,0.2286,39.6,0.00614329,125.721
5.3,0.2286,39.6,0.00614329,123.081
5.3,0.2286,39.6,0.00614329,117.911
5.3,0.2286,39.6,0.00614329,116.15100000000001
5.3,0.2286,39.6,0.00614329,118.441
5.3,0.2286,39.6,0.00614329,115.801
5.3,0.2286,39.6,0.00614329,115.311
5.3,0.2286,39.6,0.00614329,112.541
7.3,0.2286,71.3,0.010440399999999999,138.75799999999998
7.3,0.2286,71.3,0.010440399999999999,139.918
7.3,0.2286,71.3,0.010440399999999999,139.808
7.3,0.2286,71.3,0.010440399999999999,139.438
7.3,0.2286,71.3,0.010440399999999999,136.798
7.3,0.2286,71.3,0.010440399999999999,133.768
7.3,0.2286,71.3,0.010440399999999999,130.748
7.3,0.2286,71.3,0.010440399999999999,126.838
7.3,0.2286,71.3,0.010440399999999999,127.35799999999999
7.3,0.2286,71.3,0.010440399999999999,125.728
7.3,0.2286,71.3,0.010440399999999999,122.708
7.3,0.2286,71.3,0.010440399999999999,122.088
7.3,0.2286,71.3,0.010440399999999999,120.458
7.3,0.2286,71.3,0.010440399999999999,119.208
7.3,0.2286,71.3,0.010440399999999999,115.29799999999999
7.3,0.2286,71.3,0.010440399999999999,115.818
7.3,0.2286,55.5,0.011170600000000001,135.234
7.3,0.2286,55.5,0.011170600000000001,136.384
7.3,0.2286,55.5,0.011170600000000001,136.284
7.3,0.2286,55.5,0.011170600000000001,135.924
7.3,0.2286,55.5,0.011170600000000001,133.174
7.3,0.2286,55.5,0.011170600000000001,130.934
7.3,0.2286,55.5,0.011170600000000001,128.444
7.3,0.2286,55.5,0.011170600000000001,125.194
7.3,0.2286,55.5,0.011170600000000001,125.72399999999999
7.3,0.2286,55.5,0.011170600000000001,123.354
7.3,0.2286,55.5,0.011170600000000001,120.354
7.3,0.2286,55.5,0.011170600000000001,118.994
7.3,0.2286,55.5,0.011170600000000001,117.134
7.3,0.2286,55.5,0.011170600000000001,117.28399999999999
7.3,0.2286,55.5,0.011170600000000001,113.14399999999999
7.3,0.2286,55.5,0.011170600000000001,111.53399999999999
7.3,0.2286,39.6,0.0123481,130.989
7.3,0.2286,39.6,0.0123481,131.889
7.3,0.2286,39.6,0.0123481,132.149
7.3,0.2286,39.6,0.0123481,132.039
7.3,0.2286,39.6,0.0123481,130.299
7.3,0.2286,39.6,0.0123481,128.929
7.3,0.2286,39.6,0.0123481,126.29899999999999
7.3,0.2286,39.6,0.0123481,122.539
7.3,0.2286,39.6,0.0123481,123.189
7.3,0.2286,39.6,0.0123481,121.059
7.3,0.2286,39.6,0.0123481,117.809
7.3,0.2286,39.6,0.0123481,116.559
7.3,0.2286,39.6,0.0123481,114.309
7.3,0.2286,39.6,0.0123481,114.079
7.3,0.2286,39.6,0.0123481,111.959
7.3,0.2286,39.6,0.0123481,110.839
7.3,0.2286,31.7,0.0132672,128.679
7.3,0.2286,31.7,0.0132672,130.089
7.3,0.2286,31.7,0.0132672,130.239
7.3,0.2286,31.7,0.0132672,130.269
7.3,0.2286,31.7,0.0132672,128.16899999999998
7.3,0.2286,31.7,0.0132672,126.189
7.3,0.2286,31.7,0.0132672,123.209
7.3,0.2286,31.7,0.0132672,119.09899999999999
7.3,0.2286,31.7,0.0132672,120.509
7.3,0.2286,31.7,0.0132672,119.039
7.3,0.2286,31.7,0.0132672,115.309
7.3,0.2286,31.7,0.0132672,114.709
7.3,0.2286,31.7,0.0132672,113.229
7.3,0.2286,31.7,0.0132672,112.639
7.3,0.2286,31.7,0.0132672,111.029
7.3,0.2286,31.7,0.0132672,110.689
0.0,0.1524,71.3,0.0015988,125.81700000000001
0.0,0.1524,71.3,0.0015988,127.307
0.0,0.1524,71.3,0.0015988,128.92700000000002
0.0,0.1524,71.3,0.0015988,129.667
0.0,0.1524,71.3,0.0015988,128.64700000000002
0.0,0.1524,71.3,0.0015988,128.127
0.0,0.1524,71.3,0.0015988,129.377
0.0,0.1524,71.3,0.0015988,128.857
0.0,0.1524,71.3,0.0015988,126.45700000000001
0.0,0.1524,71.3,0.0015988,125.427
0.0,0.1524,71.3,0.0015988,122.527
0.0,0.1524,71.3,0.0015988,120.24700000000001
0.0,0.1524,71.3,0.0015988,117.087
0.0,0.1524,71.3,0.0015988,113.29700000000001
0.0,0.1524,55.5,0.00172668,120.573
0.0,0.1524,55.5,0.00172668,123.583
0.0,0.1524,55.5,0.00172668,126.713
0.0,0.1524,55.5,0.00172668,128.583
0.0,0.1524,55.5,0.00172668,129.953
0.0,0.1524,55.5,0.00172668,130.183
0.0,0.1524,55.5,0.00172668,129.673
0.0,0.1524,55.5,0.00172668,127.76299999999999
0.0,0.1524,55.5,0.00172668,127.75299999999999
0.0,0.1524,55.5,0.00172668,127.23299999999999
0.0,0.1524,55.5,0.00172668,125.20299999999999
0.0,0.1524,55.5,0.00172668,123.303
0.0,0.1524,55.5,0.00172668,121.90299999999999
0.0,0.1524,55.5,0.00172668,119.25299999999999
0.0,0.1524,55.5,0.00172668,117.09299999999999
0.0,0.1524,55.5,0.00172668,112.803
0.0,0.1524,39.6,0.00193287,119.51299999999999
0.0,0.1524,39.6,0.00193287,124.40299999999999
0.0,0.1524,39.6,0.00193287,127.90299999999999
0.0,0.1524,39.6,0.00193287,130.033
0.0,0.1524,39.6,0.00193287,131.023
0.0,0.1524,39.6,0.00193287,131.013
0.0,0.1524,39.6,0.00193287,129.63299999999998
0.0,0.1524,39.6,0.00193287,126.863
0.0,0.1524,39.6,0.00193287,125.603
0.0,0.1524,39.6,0.00193287,125.34299999999999
0.0,0.1524,39.6,0.00193287,123.45299999999999
0.0,0.1524,39.6,0.00193287,121.31299999999999
0.0,0.1524,39.6,0.00193287,120.553
0.0,0.1524,39.6,0.00193287,115.413
0.0,0.1524,31.7,0.00209405,121.617
0.0,0.1524,31.7,0.00209405,125.99700000000001
0.0,0.1524,31.7,0.00209405,129.11700000000002
0.0,0.1524,31.7,0.00209405,130.987
0.0,0.1524,31.7,0.00209405,131.467
0.0,0.1524,31.7,0.00209405,130.817
0.0,0.1524,31.7,0.00209405,128.907
0.0,0.1524,31.7,0.00209405,125.867
0.0,0.1524,31.7,0.00209405,124.20700000000001
0.0,0.1524,31.7,0.00209405,123.807
0.0,0.1524,31.7,0.00209405,122.397
0.0,0.1524,31.7,0.00209405,119.73700000000001
0.0,0.1524,31.7,0.00209405,117.95700000000001
2.7,0.1524,71.3,0.00243851,127.404
2.7,0.1524,71.3,0.00243851,127.39399999999999
2.7,0.1524,71.3,0.00243851,128.774
2.7,0.1524,71.3,0.00243851,130.144
2.7,0.1524,71.3,0.00243851,130.644
2.7,0.1524,71.3,0.00243851,130.114
2.7,0.1524,71.3,0.00243851,128.334
2.7,0.1524,71.3,0.00243851,127.054
2.7,0.1524,71.3,0.00243851,126.53399999999999
2.7,0.1524,71.3,0.00243851,124.36399999999999
2.7,0.1524,71.3,0.00243851,121.944
2.7,0.1524,71.3,0.00243851,120.53399999999999
2.7,0.1524,71.3,0.00243851,116.72399999999999
2.7,0.1524,71.3,0.00243851,113.03399999999999
2.7,0.1524,71.3,0.00243851,110.36399999999999
2.7,0.1524,39.6,0.00294804,121.009
2.7,0.1524,39.6,0.00294804,125.809
2.7,0.1524,39.6,0.00294804,128.829
2.7,0.1524,39.6,0.00294804,130.589
2.7,0.1524,39.6,0.00294804,130.829
2.7,0.1524,39.6,0.00294804,130.049
2.7,0.1524,39.6,0.00294804,128.139
2.7,0.1524,39.6,0.00294804,125.589
2.7,0.1524,39.6,0.00294804,122.919
2.7,0.1524,39.6,0.00294804,121.889
2.7,0.1524,39.6,0.00294804,121.499
2.7,0.1524,39.6,0.00294804,119.209
2.7,0.1524,39.6,0.00294804,116.65899999999999
2.7,0.1524,39.6,0.00294804,112.589
2.7,0.1524,39.6,0.00294804,108.649
5.4,0.1524,71.3,0.00401199,124.12100000000001
5.4,0.1524,71.3,0.00401199,126.291
5.4,0.1524,71.3,0.00401199,128.971
5.4,0.1524,71.3,0.00401199,131.281
5.4,0.1524,71.3,0.00401199,133.201
5.4,0.1524,71.3,0.00401199,134.111
5.4,0.1524,71.3,0.00401199,133.241
5.4,0.1524,71.3,0.00401199,131.111
5.4,0.1524,71.3,0.00401199,127.59100000000001
5.4,0.1524,71.3,0.00401199,123.311
5.4,0.1524,71.3,0.00401199,121.431
5.4,0.1524,71.3,0.00401199,120.061
5.4,0.1524,71.3,0.00401199,116.411
5.4,0.1524,55.5,0.00433288,126.807
5.4,0.1524,55.5,0.00433288,129.36700000000002
5.4,0.1524,55.5,0.00433288,131.80700000000002
5.4,0.1524,55.5,0.00433288,133.097
5.4,0.1524,55.5,0.00433288,132.127
5.4,0.1524,55.5,0.00433288,130.77700000000002
5.4,0.1524,55.5,0.00433288,130.567
5.4,0.1524,55.5,0.00433288,128.707
5.4,0.1524,55.5,0.00433288,124.07700000000001
5.4,0.1524,55.5,0.00433288,121.587
5.4,0.1524,55.5,0.00433288,119.73700000000001
5.4,0.1524,55.5,0.00433288,118.757
5.4,0.1524,55.5,0.00433288,117.287
5.4,0.1524,55.5,0.00433288,114.927
5.4,0.1524,39.6,0.00485029,125.34700000000001
5.4,0.1524,39.6,0.00485029,127.637
5.4,0.1524,39.6,0.00485029,129.937
5.4,0.1524,39.6,0.00485029,132.357
5.4,0.1524,39.6,0.00485029,132.757
5.4,0.1524,39.6,0.00485029,130.507
5.4,0.1524,39.6,0.00485029,127.117
5.4,0.1524,39.6,0.00485029,126.26700000000001
5.4,0.1524,39.6,0.00485029,124.647
5.4,0.1524,39.6,0.00485029,120.49700000000001
5.4,0.1524,39.6,0.00485029,119.137
5.4,0.1524,39.6,0.00485029,117.137
5.4,0.1524,39.6,0.00485029,117.037
5.4,0.1524,39.6,0.00485029,116.677
5.4,0.1524,31.7,0.00525474,125.741
5.4,0.1524,31.7,0.00525474,127.781
5.4,0.1524,31.7,0.00525474,129.681
5.4,0.1524,31.7,0.00525474,131.471
5.4,0.1524,31.7,0.00525474,131.491
5.4,0.1524,31.7,0.00525474,128.241
5.4,0.1524,31.7,0.00525474,123.991
5.4,0.1524,31.7,0.00525474,123.76100000000001
5.4,0.1524,31.7,0.00525474,122.771
5.4,0.1524,31.7,0.00525474,119.15100000000001
5.4,0.1524,31.7,0.00525474,118.291
5.4,0.1524,31.7,0.00525474,116.181
5.4,0.1524,31.7,0.00525474,115.691
5.4,0.1524,31.7,0.00525474,115.59100000000001
7.2,0.1524,71.3,0.00752039,128.713
7.2,0.1524,71.3,0.00752039,130.123
7.2,0.1524,71.3,0.00752039,132.043
7.2,0.1524,71.3,0.00752039,134.85299999999998
7.2,0.1524,71.3,0.00752039,136.023
7.2,0.1524,71.3,0.00752039,134.273
7.2,0.1524,71.3,0.00752039,132.513
7.2,0.1524,71.3,0.00752039,130.893
7.2,0.1524,71.3,0.00752039,128.643
7.2,0.1524,71.3,0.00752039,124.353
7.2,0.1524,71.3,0.00752039,116.78299999999999
7.2,0.1524,71.3,0.00752039,119.34299999999999
7.2,0.1524,71.3,0.00752039,118.34299999999999
7.2,0.1524,71.3,0.00752039,116.603
7.2,0.1524,71.3,0.00752039,113.333
7.2,0.1524,71.3,0.00752039,110.31299999999999
7.2,0.1524,39.6,0.00909175,127.488
7.2,0.1524,39.6,0.00909175,130.558
7.2,0.1524,39.6,0.00909175,132.118
7.2,0.1524,39.6,0.00909175,132.658
7.2,0.1524,39.6,0.00909175,133.19799999999998
7.2,0.1524,39.6,0.00909175,132.358
7.2,0.1524,39.6,0.00909175,128.338
7.2,0.1524,39.6,0.00909175,122.428
7.2,0.1524,39.6,0.00909175,120.05799999999999
7.2,0.1524,39.6,0.00909175,120.228
7.2,0.1524,39.6,0.00909175,117.478
7.2,0.1524,39.6,0.00909175,111.818
7.2,0.1524,39.6,0.00909175,114.258
7.2,0.1524,39.6,0.00909175,113.288
7.2,0.1524,39.6,0.00909175,112.68799999999999
7.2,0.1524,39.6,0.00909175,111.588
7.2,0.1524,39.6,0.00909175,110.868
9.9,0.1524,71.3,0.019300099999999997,134.319
9.9,0.1524,71.3,0.019300099999999997,135.329
9.9,0.1524,71.3,0.019300099999999997,135.459
9.9,0.1524,71.3,0.019300099999999997,135.079
9.9,0.1524,71.3,0.019300099999999997,131.279
9.9,0.1524,71.3,0.019300099999999997,129.889
9.9,0.1524,71.3,0.019300099999999997,128.879
9.9,0.1524,71.3,0.019300099999999997,126.34899999999999
9.9,0.1524,71.3,0.019300099999999997,122.679
9.9,0.1524,71.3,0.019300099999999997,121.789
9.9,0.1524,71.3,0.019300099999999997,120.779
9.9,0.1524,71.3,0.019300099999999997,119.639
9.9,0.1524,71.3,0.019300099999999997,116.84899999999999
9.9,0.1524,71.3,0.019300099999999997,115.079
9.9,0.1524,71.3,0.019300099999999997,114.569
9.9,0.1524,71.3,0.019300099999999997,112.039
9.9,0.1524,55.5,0.0208438,131.955
9.9,0.1524,55.5,0.0208438,133.235
9.9,0.1524,55.5,0.0208438,132.355
9.9,0.1524,55.5,0.0208438,131.605
9.9,0.1524,55.5,0.0208438,127.815
9.9,0.1524,55.5,0.0208438,127.315
9.9,0.1524,55.5,0.0208438,126.565
9.9,0.1524,55.5,0.0208438,124.665
9.9,0.1524,55.5,0.0208438,121.635
9.9,0.1524,55.5,0.0208438,119.875
9.9,0.1524,55.5,0.0208438,119.505
9.9,0.1524,55.5,0.0208438,118.365
9.9,0.1524,55.5,0.0208438,115.085
9.9,0.1524,55.5,0.0208438,112.945
9.9,0.1524,55.5,0.0208438,112.065
9.9,0.1524,55.5,0.0208438,110.555
9.9,0.1524,39.6,0.0233328,127.315
9.9,0.1524,39.6,0.0233328,128.335
9.9,0.1524,39.6,0.0233328,128.595
9.9,0.1524,39.6,0.0233328,128.345
9.9,0.1524,39.6,0.0233328,126.835
9.9,0.1524,39.6,0.0233328,126.465
9.9,0.1524,39.6,0.0233328,126.345
9.9,0.1524,39.6,0.0233328,123.835
9.9,0.1524,39.6,0.0233328,120.555
9.9,0.1524,39.6,0.0233328,118.545
9.9,0.1524,39.6,0.0233328,117.925
9.9,0.1524,39.6,0.0233328,116.295
9.9,0.1524,39.6,0.0233328,113.525
9.9,0.1524,39.6,0.0233328,112.265
9.9,0.1524,39.6,0.0233328,111.135
9.9,0.1524,39.6,0.0233328,109.885
9.9,0.1524,31.7,0.0252785,127.29899999999999
9.9,0.1524,31.7,0.0252785,128.559
9.9,0.1524,31.7,0.0252785,128.809
9.9,0.1524,31.7,0.0252785,128.939
9.9,0.1524,31.7,0.0252785,127.179
9.9,0.1524,31.7,0.0252785,126.04899999999999
9.9,0.1524,31.7,0.0252785,125.539
9.9,0.1524,31.7,0.0252785,122.149
9.9,0.1524,31.7,0.0252785,118.619
9.9,0.1524,31.7,0.0252785,117.119
9.9,0.1524,31.7,0.0252785,116.859
9.9,0.1524,31.7,0.0252785,114.729
9.9,0.1524,31.7,0.0252785,112.209
9.9,0.1524,31.7,0.0252785,111.459
9.9,0.1524,31.7,0.0252785,109.949
9.9,0.1524,31.7,0.0252785,108.689
12.6,0.1524,71.3,0.0483159,128.35399999999998
12.6,0.1524,71.3,0.0483159,129.744
12.6,0.1524,71.3,0.0483159,128.484
12.6,0.1524,71.3,0.0483159,127.094
12.6,0.1524,71.3,0.0483159,121.664
12.6,0.1524,71.3,0.0483159,123.304
12.6,0.1524,71.3,0.0483159,123.054
12.6,0.1524,71.3,0.0483159,122.044
12.6,0.1524,71.3,0.0483159,120.154
12.6,0.1524,71.3,0.0483159,120.53399999999999
12.6,0.1524,71.3,0.0483159,117.50399999999999
12.6,0.1524,71.3,0.0483159,115.234
12.6,0.1524,71.3,0.0483159,113.334
12.6,0.1524,71.3,0.0483159,108.03399999999999
12.6,0.1524,71.3,0.0483159,108.03399999999999
12.6,0.1524,71.3,0.0483159,107.28399999999999
12.6,0.1524,39.6,0.058411300000000006,114.75
12.6,0.1524,39.6,0.058411300000000006,115.89
12.6,0.1524,39.6,0.058411300000000006,116.02
12.6,0.1524,39.6,0.058411300000000006,115.91
12.6,0.1524,39.6,0.058411300000000006,114.9
12.6,0.1524,39.6,0.058411300000000006,116.55
12.6,0.1524,39.6,0.058411300000000006,116.56
12.6,0.1524,39.6,0.058411300000000006,114.67
12.6,0.1524,39.6,0.058411300000000006,112.16
12.6,0.1524,39.6,0.058411300000000006,110.78
12.6,0.1524,39.6,0.058411300000000006,109.52
12.6,0.1524,39.6,0.058411300000000006,106.88
12.6,0.1524,39.6,0.058411300000000006,106.26
12.6,0.1524,39.6,0.058411300000000006,104.5
12.6,0.1524,39.6,0.058411300000000006,104.13
12.6,0.1524,39.6,0.058411300000000006,103.38
0.0,0.0508,71.3,0.000740478,130.96
0.0,0.0508,71.3,0.000740478,129.45
0.0,0.0508,71.3,0.000740478,128.56
0.0,0.0508,71.3,0.000740478,129.68
0.0,0.0508,71.3,0.000740478,131.06
0.0,0.0508,71.3,0.000740478,131.31
0.0,0.0508,71.3,0.000740478,135.07
0.0,0.0508,71.3,0.000740478,134.43
0.0,0.0508,71.3,0.000740478,134.43
0.0,0.0508,71.3,0.000740478,133.04
0.0,0.0508,71.3,0.000740478,130.89
0.0,0.0508,71.3,0.000740478,128.74
0.0,0.0508,71.3,0.000740478,125.22
0.0,0.0508,55.5,0.00076193,124.336
0.0,0.0508,55.5,0.00076193,125.586
0.0,0.0508,55.5,0.00076193,127.07600000000001
0.0,0.0508,55.5,0.00076193,128.576
0.0,0.0508,55.5,0.00076193,131.45600000000002
0.0,0.0508,55.5,0.00076193,133.95600000000002
0.0,0.0508,55.5,0.00076193,134.826
0.0,0.0508,55.5,0.00076193,134.946
0.0,0.0508,55.5,0.00076193,134.556
0.0,0.0508,55.5,0.00076193,132.796
0.0,0.0508,55.5,0.00076193,130.156
0.0,0.0508,55.5,0.00076193,127.63600000000001
0.0,0.0508,55.5,0.00076193,125.376
0.0,0.0508,39.6,0.000791822,126.508
0.0,0.0508,39.6,0.000791822,127.63799999999999
0.0,0.0508,39.6,0.000791822,129.148
0.0,0.0508,39.6,0.000791822,130.908
0.0,0.0508,39.6,0.000791822,132.918
0.0,0.0508,39.6,0.000791822,134.938
0.0,0.0508,39.6,0.000791822,135.938
0.0,0.0508,39.6,0.000791822,135.308
0.0,0.0508,39.6,0.000791822,134.308
0.0,0.0508,39.6,0.000791822,131.918
0.0,0.0508,39.6,0.000791822,128.518
0.0,0.0508,39.6,0.000791822,125.99799999999999
0.0,0.0508,39.6,0.000791822,123.988
0.0,0.0508,31.7,0.000812164,122.79
0.0,0.0508,31.7,0.000812164,126.78
0.0,0.0508,31.7,0.000812164,129.27
0.0,0.0508,31.7,0.000812164,131.01
0.0,0.0508,31.7,0.000812164,133.01
0.0,0.0508,31.7,0.000812164,134.87
0.0,0.0508,31.7,0.000812164,135.49
0.0,0.0508,31.7,0.000812164,134.11
0.0,0.0508,31.7,0.000812164,133.23
0.0,0.0508,31.7,0.000812164,130.34
0.0,0.0508,31.7,0.000812164,126.59
0.0,0.0508,31.7,0.000812164,122.45
0.0,0.0508,31.7,0.000812164,119.07
4.2,0.0508,71.3,0.00142788,124.318
4.2,0.0508,71.3,0.00142788,129.84799999999998
4.2,0.0508,71.3,0.00142788,131.97799999999998
4.2,0.0508,71.3,0.00142788,133.72799999999998
4.2,0.0508,71.3,0.00142788,133.59799999999998
4.2,0.0508,71.3,0.00142788,132.828
4.2,0.0508,71.3,0.00142788,129.308
4.2,0.0508,71.3,0.00142788,125.26799999999999
4.2,0.0508,71.3,0.00142788,121.238
4.2,0.0508,71.3,0.00142788,117.32799999999999
4.2,0.0508,39.6,0.00152689,125.647
4.2,0.0508,39.6,0.00152689,128.42700000000002
4.2,0.0508,39.6,0.00152689,130.197
4.2,0.0508,39.6,0.00152689,132.58700000000002
4.2,0.0508,39.6,0.00152689,133.847
4.2,0.0508,39.6,0.00152689,133.58700000000002
4.2,0.0508,39.6,0.00152689,131.80700000000002
4.2,0.0508,39.6,0.00152689,129.77700000000002
4.2,0.0508,39.6,0.00152689,125.71700000000001
4.2,0.0508,39.6,0.00152689,120.397
4.2,0.0508,39.6,0.00152689,116.96700000000001
8.4,0.0508,71.3,0.00529514,127.556
8.4,0.0508,71.3,0.00529514,129.946
8.4,0.0508,71.3,0.00529514,132.086
8.4,0.0508,71.3,0.00529514,133.846
8.4,0.0508,71.3,0.00529514,134.476
8.4,0.0508,71.3,0.00529514,134.226
8.4,0.0508,71.3,0.00529514,131.966
8.4,0.0508,71.3,0.00529514,126.926
8.4,0.0508,71.3,0.00529514,121.146
8.4,0.0508,55.5,0.00544854,121.58200000000001
8.4,0.0508,55.5,0.00544854,123.742
8.4,0.0508,55.5,0.00544854,126.152
8.4,0.0508,55.5,0.00544854,128.562
8.4,0.0508,55.5,0.00544854,130.722
8.4,0.0508,55.5,0.00544854,132.252
8.4,0.0508,55.5,0.00544854,133.032
8.4,0.0508,55.5,0.00544854,133.042
8.4,0.0508,55.5,0.00544854,131.542
8.4,0.0508,55.5,0.00544854,128.40200000000002
8.4,0.0508,55.5,0.00544854,122.61200000000001
8.4,0.0508,55.5,0.00544854,115.81200000000001
8.4,0.0508,39.6,0.00566229,120.015
8.4,0.0508,39.6,0.00566229,122.905
8.4,0.0508,39.6,0.00566229,126.045
8.4,0.0508,39.6,0.00566229,128.435
8.4,0.0508,39.6,0.00566229,130.195
8.4,0.0508,39.6,0.00566229,131.205
8.4,0.0508,39.6,0.00566229,130.965
8.4,0.0508,39.6,0.00566229,129.965
8.4,0.0508,39.6,0.00566229,127.465
8.4,0.0508,39.6,0.00566229,123.965
8.4,0.0508,39.6,0.00566229,118.955
8.4,0.0508,31.7,0.00580776,120.07600000000001
8.4,0.0508,31.7,0.00580776,122.96600000000001
8.4,0.0508,31.7,0.00580776,125.85600000000001
8.4,0.0508,31.7,0.00580776,128.246
8.4,0.0508,31.7,0.00580776,129.516
8.4,0.0508,31.7,0.00580776,130.156
8.4,0.0508,31.7,0.00580776,129.296
8.4,0.0508,31.7,0.00580776,127.686
8.4,0.0508,31.7,0.00580776,125.57600000000001
8.4,0.0508,31.7,0.00580776,122.086
8.4,0.0508,31.7,0.00580776,118.10600000000001
11.2,0.0508,71.3,0.014072,125.941
11.2,0.0508,71.3,0.014072,127.101
11.2,0.0508,71.3,0.014072,128.381
11.2,0.0508,71.3,0.014072,129.281
11.2,0.0508,71.3,0.014072,130.311
11.2,0.0508,71.3,0.014072,133.611
11.2,0.0508,71.3,0.014072,136.031
11.2,0.0508,71.3,0.014072,136.941
11.2,0.0508,71.3,0.014072,136.191
11.2,0.0508,71.3,0.014072,135.191
11.2,0.0508,71.3,0.014072,133.311
11.2,0.0508,71.3,0.014072,130.541
11.2,0.0508,71.3,0.014072,127.141
11.2,0.0508,71.3,0.014072,122.471
11.2,0.0508,39.6,0.015047799999999998,125.01
11.2,0.0508,39.6,0.015047799999999998,126.43
11.2,0.0508,39.6,0.015047799999999998,128.99
11.2,0.0508,39.6,0.015047799999999998,130.67
11.2,0.0508,39.6,0.015047799999999998,131.96
11.2,0.0508,39.6,0.015047799999999998,133.13
11.2,0.0508,39.6,0.015047799999999998,133.79
11.2,0.0508,39.6,0.015047799999999998,132.43
11.2,0.0508,39.6,0.015047799999999998,130.05
11.2,0.0508,39.6,0.015047799999999998,126.54
11.2,0.0508,39.6,0.015047799999999998,124.42
11.2,0.0508,39.6,0.015047799999999998,122.17
11.2,0.0508,39.6,0.015047799999999998,119.67
11.2,0.0508,39.6,0.015047799999999998,115.52
15.4,0.0508,71.3,0.0264269,123.595
15.4,0.0508,71.3,0.0264269,124.835
15.4,0.0508,71.3,0.0264269,126.195
15.4,0.0508,71.3,0.0264269,126.805
15.4,0.0508,71.3,0.0264269,127.285
15.4,0.0508,71.3,0.0264269,129.645
15.4,0.0508,71.3,0.0264269,131.515
15.4,0.0508,71.3,0.0264269,131.865
15.4,0.0508,71.3,0.0264269,130.845
15.4,0.0508,71.3,0.0264269,130.065
15.4,0.0508,71.3,0.0264269,129.285
15.4,0.0508,71.3,0.0264269,127.625
15.4,0.0508,71.3,0.0264269,125.715
15.4,0.0508,71.3,0.0264269,122.675
15.4,0.0508,71.3,0.0264269,119.135
15.4,0.0508,71.3,0.0264269,115.215
15.4,0.0508,71.3,0.0264269,112.675
15.4,0.0508,55.5,0.0271925,122.94
15.4,0.0508,55.5,0.0271925,124.17
15.4,0.0508,55.5,0.0271925,125.39
15.4,0.0508,55.5,0.0271925,126.5
15.4,0.0508,55.5,0.0271925,127.22
15.4,0.0508,55.5,0.0271925,129.33
15.4,0.0508,55.5,0.0271925,130.43
15.4,0.0508,55.5,0.0271925,130.4
15.4,0.0508,55.5,0.0271925,130.0
15.4,0.0508,55.5,0.0271925,128.2
15.4,0.0508,55.5,0.0271925,127.04
15.4,0.0508,55.5,0.0271925,125.63
15.4,0.0508,55.5,0.0271925,123.46
15.4,0.0508,55.5,0.0271925,120.92
15.4,0.0508,55.5,0.0271925,117.11
15.4,0.0508,55.5,0.0271925,112.93
15.4,0.0508,39.6,0.0282593,121.78299999999999
15.4,0.0508,39.6,0.0282593,122.89299999999999
15.4,0.0508,39.6,0.0282593,124.493
15.4,0.0508,39.6,0.0282593,125.353
15.4,0.0508,39.6,0.0282593,125.963
15.4,0.0508,39.6,0.0282593,127.443
15.4,0.0508,39.6,0.0282593,128.423
15.4,0.0508,39.6,0.0282593,127.89299999999999
15.4,0.0508,39.6,0.0282593,126.743
15.4,0.0508,39.6,0.0282593,124.84299999999999
15.4,0.0508,39.6,0.0282593,123.443
15.4,0.0508,39.6,0.0282593,122.413
15.4,0.0508,39.6,0.0282593,120.51299999999999
15.4,0.0508,39.6,0.0282593,118.113
15.4,0.0508,39.6,0.0282593,114.45299999999999
15.4,0.0508,39.6,0.0282593,109.663
15.4,0.0508,31.7,0.028985300000000002,119.975
15.4,0.0508,31.7,0.028985300000000002,121.225
15.4,0.0508,31.7,0.028985300000000002,122.845
15.4,0.0508,31.7,0.028985300000000002,123.705
15.4,0.0508,31.7,0.028985300000000002,123.695
15.4,0.0508,31.7,0.028985300000000002,124.685
15.4,0.0508,31.7,0.028985300000000002,125.555
15.4,0.0508,31.7,0.028985300000000002,124.525
15.4,0.0508,31.7,0.028985300000000002,123.255
15.4,0.0508,31.7,0.028985300000000002,121.485
15.4,0.0508,31.7,0.028985300000000002,120.835
15.4,0.0508,31.7,0.028985300000000002,119.945
15.4,0.0508,31.7,0.028985300000000002,118.045
15.4,0.0508,31.7,0.028985300000000002,115.635
15.4,0.0508,31.7,0.028985300000000002,112.355
15.4,0.0508,31.7,0.028985300000000002,108.185
19.7,0.0508,71.3,0.034118300000000004,118.005
19.7,0.0508,71.3,0.034118300000000004,119.115
19.7,0.0508,71.3,0.034118300000000004,121.235
19.7,0.0508,71.3,0.034118300000000004,123.865
19.7,0.0508,71.3,0.034118300000000004,126.995
19.7,0.0508,71.3,0.034118300000000004,128.365
19.7,0.0508,71.3,0.034118300000000004,124.555
19.7,0.0508,71.3,0.034118300000000004,121.885
19.7,0.0508,71.3,0.034118300000000004,121.485
19.7,0.0508,71.3,0.034118300000000004,120.575
19.7,0.0508,71.3,0.034118300000000004,120.055
19.7,0.0508,71.3,0.034118300000000004,118.385
19.7,0.0508,71.3,0.034118300000000004,116.225
19.7,0.0508,71.3,0.034118300000000004,113.045
19.7,0.0508,39.6,0.036483999999999996,125.97399999999999
19.7,0.0508,39.6,0.036483999999999996,127.22399999999999
19.7,0.0508,39.6,0.036483999999999996,129.864
19.7,0.0508,39.6,0.036483999999999996,130.614
19.7,0.0508,39.6,0.036483999999999996,128.444
19.7,0.0508,39.6,0.036483999999999996,120.324
19.7,0.0508,39.6,0.036483999999999996,119.17399999999999
19.7,0.0508,39.6,0.036483999999999996,118.904
19.7,0.0508,39.6,0.036483999999999996,118.634
19.7,0.0508,39.6,0.036483999999999996,117.604
19.7,0.0508,39.6,0.036483999999999996,117.72399999999999
19.7,0.0508,39.6,0.036483999999999996,116.184
19.7,0.0508,39.6,0.036483999999999996,113.00399999999999
19.7,0.0508,39.6,0.036483999999999996,108.684
0.0,0.0254,71.3,0.00040068199999999997,133.707
0.0,0.0254,71.3,0.00040068199999999997,137.007
0.0,0.0254,71.3,0.00040068199999999997,138.55700000000002
0.0,0.0254,71.3,0.00040068199999999997,136.83700000000002
0.0,0.0254,71.3,0.00040068199999999997,134.987
0.0,0.0254,71.3,0.00040068199999999997,129.86700000000002
0.0,0.0254,71.3,0.00040068199999999997,130.787
0.0,0.0254,71.3,0.00040068199999999997,133.207
0.0,0.0254,71.3,0.00040068199999999997,130.477
0.0,0.0254,71.3,0.00040068199999999997,123.21700000000001
0.0,0.0254,55.5,0.00041229,127.62299999999999
0.0,0.0254,55.5,0.00041229,130.07299999999998
0.0,0.0254,55.5,0.00041229,130.503
0.0,0.0254,55.5,0.00041229,133.22299999999998
0.0,0.0254,55.5,0.00041229,135.803
0.0,0.0254,55.5,0.00041229,136.10299999999998
0.0,0.0254,55.5,0.00041229,136.16299999999998
0.0,0.0254,55.5,0.00041229,134.563
0.0,0.0254,55.5,0.00041229,131.453
0.0,0.0254,55.5,0.00041229,125.68299999999999
0.0,0.0254,55.5,0.00041229,121.93299999999999
0.0,0.0254,39.6,0.00042846400000000004,124.156
0.0,0.0254,39.6,0.00042846400000000004,130.026
0.0,0.0254,39.6,0.00042846400000000004,131.836
0.0,0.0254,39.6,0.00042846400000000004,133.276
0.0,0.0254,39.6,0.00042846400000000004,135.346
0.0,0.0254,39.6,0.00042846400000000004,136.536
0.0,0.0254,39.6,0.00042846400000000004,136.826
0.0,0.0254,39.6,0.00042846400000000004,135.866
0.0,0.0254,39.6,0.00042846400000000004,133.376
0.0,0.0254,39.6,0.00042846400000000004,129.116
0.0,0.0254,39.6,0.00042846400000000004,124.986
0.0,0.0254,31.7,0.000439472,125.12700000000001
0.0,0.0254,31.7,0.000439472,127.947
0.0,0.0254,31.7,0.000439472,129.267
0.0,0.0254,31.7,0.000439472,130.697
0.0,0.0254,31.7,0.000439472,132.89700000000002
0.0,0.0254,31.7,0.000439472,135.227
0.0,0.0254,31.7,0.000439472,137.047
0.0,0.0254,31.7,0.000439472,138.607
0.0,0.0254,31.7,0.000439472,138.537
0.0,0.0254,31.7,0.000439472,137.207
0.0,0.0254,31.7,0.000439472,134.227
0.0,0.0254,31.7,0.000439472,128.977
0.0,0.0254,31.7,0.000439472,125.62700000000001
4.8,0.0254,71.3,0.000848633,128.398
4.8,0.0254,71.3,0.000848633,130.828
4.8,0.0254,71.3,0.000848633,133.378
4.8,0.0254,71.3,0.000848633,134.928
4.8,0.0254,71.3,0.000848633,135.468
4.8,0.0254,71.3,0.000848633,134.498
4.8,0.0254,71.3,0.000848633,131.518
4.8,0.0254,71.3,0.000848633,127.398
4.8,0.0254,71.3,0.000848633,127.68799999999999
4.8,0.0254,71.3,0.000848633,124.208
4.8,0.0254,71.3,0.000848633,119.708
4.8,0.0254,55.5,0.000873218,121.47399999999999
4.8,0.0254,55.5,0.000873218,125.054
4.8,0.0254,55.5,0.000873218,129.144
4.8,0.0254,55.5,0.000873218,132.35399999999998
4.8,0.0254,55.5,0.000873218,133.924
4.8,0.0254,55.5,0.000873218,135.484
4.8,0.0254,55.5,0.000873218,135.164
4.8,0.0254,55.5,0.000873218,132.184
4.8,0.0254,55.5,0.000873218,126.944
4.8,0.0254,55.5,0.000873218,125.094
4.8,0.0254,55.5,0.000873218,124.39399999999999
4.8,0.0254,55.5,0.000873218,121.28399999999999
4.8,0.0254,39.6,0.000907475,116.366
4.8,0.0254,39.6,0.000907475,118.696
4.8,0.0254,39.6,0.000907475,120.766
4.8,0.0254,39.6,0.000907475,122.956
4.8,0.0254,39.6,0.000907475,125.02600000000001
4.8,0.0254,39.6,0.000907475,125.96600000000001
4.8,0.0254,39.6,0.000907475,128.916
4.8,0.0254,39.6,0.000907475,131.236
4.8,0.0254,39.6,0.000907475,133.436
4.8,0.0254,39.6,0.000907475,134.996
4.8,0.0254,39.6,0.000907475,135.42600000000002
4.8,0.0254,39.6,0.000907475,134.336
4.8,0.0254,39.6,0.000907475,131.346
4.8,0.0254,39.6,0.000907475,126.066
4.8,0.0254,31.7,0.0009307889999999999,116.12799999999999
4.8,0.0254,31.7,0.0009307889999999999,120.07799999999999
4.8,0.0254,31.7,0.0009307889999999999,122.648
4.8,0.0254,31.7,0.0009307889999999999,125.348
4.8,0.0254,31.7,0.0009307889999999999,127.40799999999999
4.8,0.0254,31.7,0.0009307889999999999,128.718
4.8,0.0254,31.7,0.0009307889999999999,130.148
4.8,0.0254,31.7,0.0009307889999999999,132.588
4.8,0.0254,31.7,0.0009307889999999999,134.268
4.8,0.0254,31.7,0.0009307889999999999,135.328
4.8,0.0254,31.7,0.0009307889999999999,135.248
4.8,0.0254,31.7,0.0009307889999999999,132.898
4.8,0.0254,31.7,0.0009307889999999999,127.008
9.5,0.0254,71.3,0.00420654,125.726
9.5,0.0254,71.3,0.00420654,127.206
9.5,0.0254,71.3,0.00420654,129.556
9.5,0.0254,71.3,0.00420654,131.656
9.5,0.0254,71.3,0.00420654,133.756
9.5,0.0254,71.3,0.00420654,134.976
9.5,0.0254,71.3,0.00420654,135.95600000000002
9.5,0.0254,71.3,0.00420654,136.166
9.5,0.0254,71.3,0.00420654,134.236
9.5,0.0254,71.3,0.00420654,131.186
9.5,0.0254,71.3,0.00420654,127.24600000000001
9.5,0.0254,55.5,0.0043284,120.95200000000001
9.5,0.0254,55.5,0.0043284,123.08200000000001
9.5,0.0254,55.5,0.0043284,125.45200000000001
9.5,0.0254,55.5,0.0043284,128.082
9.5,0.0254,55.5,0.0043284,130.332
9.5,0.0254,55.5,0.0043284,132.202
9.5,0.0254,55.5,0.0043284,133.062
9.5,0.0254,55.5,0.0043284,134.05200000000002
9.5,0.0254,55.5,0.0043284,134.15200000000002
9.5,0.0254,55.5,0.0043284,133.252
9.5,0.0254,55.5,0.0043284,131.582
9.5,0.0254,55.5,0.0043284,128.412
9.5,0.0254,55.5,0.0043284,124.22200000000001
9.5,0.0254,39.6,0.00449821,116.074
9.5,0.0254,39.6,0.00449821,116.92399999999999
9.5,0.0254,39.6,0.00449821,119.294
9.5,0.0254,39.6,0.00449821,121.154
9.5,0.0254,39.6,0.00449821,123.89399999999999
9.5,0.0254,39.6,0.00449821,126.514
9.5,0.0254,39.6,0.00449821,129.014
9.5,0.0254,39.6,0.00449821,130.374
9.5,0.0254,39.6,0.00449821,130.964
9.5,0.0254,39.6,0.00449821,131.184
9.5,0.0254,39.6,0.00449821,131.274
9.5,0.0254,39.6,0.00449821,131.234
9.5,0.0254,39.6,0.00449821,129.934
9.5,0.0254,39.6,0.00449821,127.86399999999999
9.5,0.0254,39.6,0.00449821,125.044
9.5,0.0254,39.6,0.00449821,120.324
9.5,0.0254,31.7,0.00461377,119.146
9.5,0.0254,31.7,0.00461377,120.13600000000001
9.5,0.0254,31.7,0.00461377,122.766
9.5,0.0254,31.7,0.00461377,124.756
9.5,0.0254,31.7,0.00461377,126.88600000000001
9.5,0.0254,31.7,0.00461377,129.006
9.5,0.0254,31.7,0.00461377,130.746
9.5,0.0254,31.7,0.00461377,131.346
9.5,0.0254,31.7,0.00461377,131.446
9.5,0.0254,31.7,0.00461377,131.036
9.5,0.0254,31.7,0.00461377,130.496
9.5,0.0254,31.7,0.00461377,130.086
9.5,0.0254,31.7,0.00461377,128.536
9.5,0.0254,31.7,0.00461377,126.736
9.5,0.0254,31.7,0.00461377,124.426
9.5,0.0254,31.7,0.00461377,120.726
12.7,0.0254,71.3,0.012180799999999999,119.698
12.7,0.0254,71.3,0.012180799999999999,122.93799999999999
12.7,0.0254,71.3,0.012180799999999999,125.04799999999999
12.7,0.0254,71.3,0.012180799999999999,126.898
12.7,0.0254,71.3,0.012180799999999999,128.878
12.7,0.0254,71.3,0.012180799999999999,130.34799999999998
12.7,0.0254,71.3,0.012180799999999999,131.69799999999998
12.7,0.0254,71.3,0.012180799999999999,133.048
12.7,0.0254,71.3,0.012180799999999999,134.528
12.7,0.0254,71.3,0.012180799999999999,134.22799999999998
12.7,0.0254,71.3,0.012180799999999999,134.058
12.7,0.0254,71.3,0.012180799999999999,133.75799999999998
12.7,0.0254,71.3,0.012180799999999999,131.808
12.7,0.0254,71.3,0.012180799999999999,128.97799999999998
12.7,0.0254,71.3,0.012180799999999999,125.398
12.7,0.0254,71.3,0.012180799999999999,120.538
12.7,0.0254,71.3,0.012180799999999999,114.41799999999999
12.7,0.0254,39.6,0.013025299999999998,121.54700000000001
12.7,0.0254,39.6,0.013025299999999998,123.537
12.7,0.0254,39.6,0.013025299999999998,125.527
12.7,0.0254,39.6,0.013025299999999998,127.12700000000001
12.7,0.0254,39.6,0.013025299999999998,128.86700000000002
12.7,0.0254,39.6,0.013025299999999998,130.217
12.7,0.0254,39.6,0.013025299999999998,130.947
12.7,0.0254,39.6,0.013025299999999998,130.77700000000002
12.7,0.0254,39.6,0.013025299999999998,129.977
12.7,0.0254,39.6,0.013025299999999998,129.567
12.7,0.0254,39.6,0.013025299999999998,129.02700000000002
12.7,0.0254,39.6,0.013025299999999998,127.84700000000001
12.7,0.0254,39.6,0.013025299999999998,126.537
12.7,0.0254,39.6,0.013025299999999998,125.10700000000001
12.7,0.0254,39.6,0.013025299999999998,123.177
12.7,0.0254,39.6,0.013025299999999998,120.60700000000001
12.7,0.0254,39.6,0.013025299999999998,116.01700000000001
17.4,0.0254,71.3,0.016104,112.506
17.4,0.0254,71.3,0.016104,113.796
17.4,0.0254,71.3,0.016104,115.846
17.4,0.0254,71.3,0.016104,117.396
17.4,0.0254,71.3,0.016104,119.806
17.4,0.0254,71.3,0.016104,122.60600000000001
17.4,0.0254,71.3,0.016104,124.27600000000001
17.4,0.0254,71.3,0.016104,125.816
17.4,0.0254,71.3,0.016104,126.35600000000001
17.4,0.0254,71.3,0.016104,126.406
17.4,0.0254,71.3,0.016104,126.82600000000001
17.4,0.0254,71.3,0.016104,126.74600000000001
17.4,0.0254,71.3,0.016104,126.536
17.4,0.0254,71.3,0.016104,125.586
17.4,0.0254,71.3,0.016104,123.126
17.4,0.0254,71.3,0.016104,119.916
17.4,0.0254,71.3,0.016104,115.46600000000001
17.4,0.0254,55.5,0.016570599999999998,109.95100000000001
17.4,0.0254,55.5,0.016570599999999998,110.491
17.4,0.0254,55.5,0.016570599999999998,111.911
17.4,0.0254,55.5,0.016570599999999998,115.461
17.4,0.0254,55.5,0.016570599999999998,119.62100000000001
17.4,0.0254,55.5,0.016570599999999998,122.411
17.4,0.0254,55.5,0.016570599999999998,123.09100000000001
17.4,0.0254,55.5,0.016570599999999998,126.001
17.4,0.0254,55.5,0.016570599999999998,129.30100000000002
17.4,0.0254,55.5,0.016570599999999998,126.471
17.4,0.0254,55.5,0.016570599999999998,125.26100000000001
17.4,0.0254,55.5,0.016570599999999998,124.931
17.4,0.0254,55.5,0.016570599999999998,124.101
17.4,0.0254,55.5,0.016570599999999998,121.771
17.4,0.0254,55.5,0.016570599999999998,118.941
17.4,0.0254,55.5,0.016570599999999998,114.861
17.4,0.0254,39.6,0.0172206,114.044
17.4,0.0254,39.6,0.0172206,114.714
17.4,0.0254,39.6,0.0172206,115.14399999999999
17.4,0.0254,39.6,0.0172206,115.444
17.4,0.0254,39.6,0.0172206,117.514
17.4,0.0254,39.6,0.0172206,124.514
17.4,0.0254,39.6,0.0172206,135.32399999999998
17.4,0.0254,39.6,0.0172206,138.274
17.4,0.0254,39.6,0.0172206,131.364
17.4,0.0254,39.6,0.0172206,127.61399999999999
17.4,0.0254,39.6,0.0172206,126.64399999999999
17.4,0.0254,39.6,0.0172206,124.154
17.4,0.0254,39.6,0.0172206,123.564
17.4,0.0254,39.6,0.0172206,122.72399999999999
17.4,0.0254,39.6,0.0172206,119.854
17.4,0.0254,31.7,0.017663099999999998,116.146
17.4,0.0254,31.7,0.017663099999999998,116.956
17.4,0.0254,31.7,0.017663099999999998,118.416
17.4,0.0254,31.7,0.017663099999999998,120.766
17.4,0.0254,31.7,0.017663099999999998,127.676
17.4,0.0254,31.7,0.017663099999999998,136.886
17.4,0.0254,31.7,0.017663099999999998,139.226
17.4,0.0254,31.7,0.017663099999999998,131.796
17.4,0.0254,31.7,0.017663099999999998,128.306
17.4,0.0254,31.7,0.017663099999999998,126.846
17.4,0.0254,31.7,0.017663099999999998,124.35600000000001
17.4,0.0254,31.7,0.017663099999999998,124.166
17.4,0.0254,31.7,0.017663099999999998,123.46600000000001
17.4,0.0254,31.7,0.017663099999999998,121.99600000000001
17.4,0.0254,31.7,0.017663099999999998,117.99600000000001
22.2,0.0254,71.3,0.0214178,115.85700000000001
22.2,0.0254,71.3,0.0214178,117.927
22.2,0.0254,71.3,0.0214178,117.96700000000001
22.2,0.0254,71.3,0.0214178,120.65700000000001
22.2,0.0254,71.3,0.0214178,123.227
22.2,0.0254,71.3,0.0214178,134.247
22.2,0.0254,71.3,0.0214178,140.987
22.2,0.0254,71.3,0.0214178,131.817
22.2,0.0254,71.3,0.0214178,127.197
22.2,0.0254,71.3,0.0214178,126.09700000000001
22.2,0.0254,71.3,0.0214178,124.12700000000001
22.2,0.0254,71.3,0.0214178,123.917
22.2,0.0254,71.3,0.0214178,125.727
22.2,0.0254,71.3,0.0214178,123.12700000000001
22.2,0.0254,71.3,0.0214178,121.65700000000001
22.2,0.0254,39.6,0.022902799999999997,116.066
22.2,0.0254,39.6,0.022902799999999997,117.38600000000001
22.2,0.0254,39.6,0.022902799999999997,120.71600000000001
22.2,0.0254,39.6,0.022902799999999997,123.416
22.2,0.0254,39.6,0.022902799999999997,129.776
22.2,0.0254,39.6,0.022902799999999997,137.026
22.2,0.0254,39.6,0.022902799999999997,137.076
22.2,0.0254,39.6,0.022902799999999997,128.416
22.2,0.0254,39.6,0.022902799999999997,126.446
22.2,0.0254,39.6,0.022902799999999997,122.21600000000001
22.2,0.0254,39.6,0.022902799999999997,121.256
22.2,0.0254,39.6,0.022902799999999997,121.306
22.2,0.0254,39.6,0.022902799999999997,120.85600000000001
22.2,0.0254,39.6,0.022902799999999997,119.646
22.2,0.0254,39.6,0.022902799999999997,118.816
0.0,0.1016,71.3,0.00121072,124.155
0.0,0.1016,71.3,0.00121072,126.805
0.0,0.1016,71.3,0.00121072,128.825
0.0,0.1016,71.3,0.00121072,130.335
0.0,0.1016,71.3,0.00121072,131.725
0.0,0.1016,71.3,0.00121072,132.095
0.0,0.1016,71.3,0.00121072,132.595
0.0,0.1016,71.3,0.00121072,131.955
0.0,0.1016,71.3,0.00121072,130.935
0.0,0.1016,71.3,0.00121072,130.795
0.0,0.1016,71.3,0.00121072,129.395
0.0,0.1016,71.3,0.00121072,125.465
0.0,0.1016,71.3,0.00121072,123.305
0.0,0.1016,71.3,0.00121072,119.375
0.0,0.1016,55.5,0.00131983,126.17
0.0,0.1016,55.5,0.00131983,127.92
0.0,0.1016,55.5,0.00131983,129.8
0.0,0.1016,55.5,0.00131983,131.43
0.0,0.1016,55.5,0.00131983,132.05
0.0,0.1016,55.5,0.00131983,132.54
0.0,0.1016,55.5,0.00131983,133.04
0.0,0.1016,55.5,0.00131983,131.78
0.0,0.1016,55.5,0.00131983,129.5
0.0,0.1016,55.5,0.00131983,128.36
0.0,0.1016,55.5,0.00131983,127.73
0.0,0.1016,55.5,0.00131983,124.45
0.0,0.1016,55.5,0.00131983,121.93
0.0,0.1016,55.5,0.00131983,119.91
0.0,0.1016,39.6,0.00146332,125.40100000000001
0.0,0.1016,39.6,0.00146332,128.401
0.0,0.1016,39.6,0.00146332,130.781
0.0,0.1016,39.6,0.00146332,132.27100000000002
0.0,0.1016,39.6,0.00146332,133.261
0.0,0.1016,39.6,0.00146332,133.251
0.0,0.1016,39.6,0.00146332,132.611
0.0,0.1016,39.6,0.00146332,130.961
0.0,0.1016,39.6,0.00146332,127.801
0.0,0.1016,39.6,0.00146332,126.021
0.0,0.1016,39.6,0.00146332,125.631
0.0,0.1016,39.6,0.00146332,122.34100000000001
0.0,0.1016,39.6,0.00146332,119.561
0.0,0.1016,31.7,0.00150092,126.413
0.0,0.1016,31.7,0.00150092,129.053
0.0,0.1016,31.7,0.00150092,131.313
0.0,0.1016,31.7,0.00150092,133.063
0.0,0.1016,31.7,0.00150092,133.553
0.0,0.1016,31.7,0.00150092,133.153
0.0,0.1016,31.7,0.00150092,132.003
0.0,0.1016,31.7,0.00150092,129.97299999999998
0.0,0.1016,31.7,0.00150092,126.93299999999999
0.0,0.1016,31.7,0.00150092,124.39299999999999
0.0,0.1016,31.7,0.00150092,124.25299999999999
0.0,0.1016,31.7,0.00150092,120.193
0.0,0.1016,31.7,0.00150092,115.89299999999999
3.3,0.1016,71.3,0.00202822,131.07399999999998
3.3,0.1016,71.3,0.00202822,131.434
3.3,0.1016,71.3,0.00202822,132.304
3.3,0.1016,71.3,0.00202822,133.664
3.3,0.1016,71.3,0.00202822,134.034
3.3,0.1016,71.3,0.00202822,133.894
3.3,0.1016,71.3,0.00202822,132.114
3.3,0.1016,71.3,0.00202822,128.704
3.3,0.1016,71.3,0.00202822,127.054
3.3,0.1016,71.3,0.00202822,124.904
3.3,0.1016,71.3,0.00202822,121.234
3.3,0.1016,71.3,0.00202822,116.694
3.3,0.1016,55.5,0.002211,126.59899999999999
3.3,0.1016,55.5,0.002211,129.119
3.3,0.1016,55.5,0.002211,131.129
3.3,0.1016,55.5,0.002211,132.769
3.3,0.1016,55.5,0.002211,133.649
3.3,0.1016,55.5,0.002211,133.649
3.3,0.1016,55.5,0.002211,132.889
3.3,0.1016,55.5,0.002211,130.629
3.3,0.1016,55.5,0.002211,127.229
3.3,0.1016,55.5,0.002211,124.839
3.3,0.1016,55.5,0.002211,123.839
3.3,0.1016,55.5,0.002211,120.569
3.3,0.1016,55.5,0.002211,115.65899999999999
3.3,0.1016,39.6,0.00245138,127.251
3.3,0.1016,39.6,0.00245138,129.991
3.3,0.1016,39.6,0.00245138,131.971
3.3,0.1016,39.6,0.00245138,133.211
3.3,0.1016,39.6,0.00245138,133.071
3.3,0.1016,39.6,0.00245138,132.30100000000002
3.3,0.1016,39.6,0.00245138,130.791
3.3,0.1016,39.6,0.00245138,128.401
3.3,0.1016,39.6,0.00245138,124.881
3.3,0.1016,39.6,0.00245138,122.37100000000001
3.3,0.1016,39.6,0.00245138,120.851
3.3,0.1016,39.6,0.00245138,118.09100000000001
3.3,0.1016,39.6,0.00245138,115.321
3.3,0.1016,31.7,0.00251435,128.952
3.3,0.1016,31.7,0.00251435,131.362
3.3,0.1016,31.7,0.00251435,133.012
3.3,0.1016,31.7,0.00251435,134.02200000000002
3.3,0.1016,31.7,0.00251435,133.40200000000002
3.3,0.1016,31.7,0.00251435,131.642
3.3,0.1016,31.7,0.00251435,130.392
3.3,0.1016,31.7,0.00251435,128.252
3.3,0.1016,31.7,0.00251435,124.852
3.3,0.1016,31.7,0.00251435,122.08200000000001
3.3,0.1016,31.7,0.00251435,120.70200000000001
3.3,0.1016,31.7,0.00251435,117.432
6.7,0.1016,71.3,0.00478288,131.44799999999998
6.7,0.1016,71.3,0.00478288,134.47799999999998
6.7,0.1016,71.3,0.00478288,136.75799999999998
6.7,0.1016,71.3,0.00478288,137.658
6.7,0.1016,71.3,0.00478288,136.678
6.7,0.1016,71.3,0.00478288,134.56799999999998
6.7,0.1016,71.3,0.00478288,131.458
6.7,0.1016,71.3,0.00478288,124.458
6.7,0.1016,55.5,0.0052139,129.343
6.7,0.1016,55.5,0.0052139,133.023
6.7,0.1016,55.5,0.0052139,135.953
6.7,0.1016,55.5,0.0052139,137.233
6.7,0.1016,55.5,0.0052139,136.88299999999998
6.7,0.1016,55.5,0.0052139,133.653
6.7,0.1016,55.5,0.0052139,129.653
6.7,0.1016,55.5,0.0052139,124.273
6.7,0.1016,39.6,0.00578076,128.295
6.7,0.1016,39.6,0.00578076,130.955
6.7,0.1016,39.6,0.00578076,133.355
6.7,0.1016,39.6,0.00578076,134.625
6.7,0.1016,39.6,0.00578076,134.515
6.7,0.1016,39.6,0.00578076,132.395
6.7,0.1016,39.6,0.00578076,127.375
6.7,0.1016,39.6,0.00578076,122.235
6.7,0.1016,31.7,0.00592927,126.266
6.7,0.1016,31.7,0.00592927,128.296
6.7,0.1016,31.7,0.00592927,130.20600000000002
6.7,0.1016,31.7,0.00592927,132.116
6.7,0.1016,31.7,0.00592927,132.886
6.7,0.1016,31.7,0.00592927,131.636
6.7,0.1016,31.7,0.00592927,129.256
6.7,0.1016,31.7,0.00592927,124.346
6.7,0.1016,31.7,0.00592927,120.446
8.9,0.1016,71.3,0.0103088,133.503
8.9,0.1016,71.3,0.0103088,134.533
8.9,0.1016,71.3,0.0103088,136.583
8.9,0.1016,71.3,0.0103088,138.123
8.9,0.1016,71.3,0.0103088,138.523
8.9,0.1016,71.3,0.0103088,138.423
8.9,0.1016,71.3,0.0103088,137.813
8.9,0.1016,71.3,0.0103088,135.433
8.9,0.1016,71.3,0.0103088,132.793
8.9,0.1016,71.3,0.0103088,128.763
8.9,0.1016,71.3,0.0103088,124.23299999999999
8.9,0.1016,71.3,0.0103088,123.62299999999999
8.9,0.1016,71.3,0.0103088,123.26299999999999
8.9,0.1016,71.3,0.0103088,120.243
8.9,0.1016,71.3,0.0103088,116.723
8.9,0.1016,71.3,0.0103088,117.25299999999999
8.9,0.1016,39.6,0.012459600000000001,133.42
8.9,0.1016,39.6,0.012459600000000001,134.34
8.9,0.1016,39.6,0.012459600000000001,135.38
8.9,0.1016,39.6,0.012459600000000001,135.54
8.9,0.1016,39.6,0.012459600000000001,133.79
8.9,0.1016,39.6,0.012459600000000001,131.92
8.9,0.1016,39.6,0.012459600000000001,130.94
8.9,0.1016,39.6,0.012459600000000001,129.58
8.9,0.1016,39.6,0.012459600000000001,127.71
8.9,0.1016,39.6,0.012459600000000001,123.82
8.9,0.1016,39.6,0.012459600000000001,119.04
8.9,0.1016,39.6,0.012459600000000001,119.19
8.9,0.1016,39.6,0.012459600000000001,119.35
8.9,0.1016,39.6,0.012459600000000001,116.22
8.9,0.1016,39.6,0.012459600000000001,113.08
8.9,0.1016,39.6,0.012459600000000001,113.11
12.3,0.1016,71.3,0.033779199999999995,130.588
12.3,0.1016,71.3,0.033779199999999995,131.56799999999998
12.3,0.1016,71.3,0.033779199999999995,137.06799999999998
12.3,0.1016,71.3,0.033779199999999995,139.428
12.3,0.1016,71.3,0.033779199999999995,140.158
12.3,0.1016,71.3,0.033779199999999995,135.368
12.3,0.1016,71.3,0.033779199999999995,127.318
12.3,0.1016,71.3,0.033779199999999995,127.928
12.3,0.1016,71.3,0.033779199999999995,126.648
12.3,0.1016,71.3,0.033779199999999995,124.74799999999999
12.3,0.1016,71.3,0.033779199999999995,122.21799999999999
12.3,0.1016,71.3,0.033779199999999995,121.318
12.3,0.1016,71.3,0.033779199999999995,120.79799999999999
12.3,0.1016,71.3,0.033779199999999995,118.01799999999999
12.3,0.1016,71.3,0.033779199999999995,116.10799999999999
12.3,0.1016,71.3,0.033779199999999995,113.958
12.3,0.1016,55.5,0.0368233,132.304
12.3,0.1016,55.5,0.0368233,133.29399999999998
12.3,0.1016,55.5,0.0368233,135.674
12.3,0.1016,55.5,0.0368233,136.414
12.3,0.1016,55.5,0.0368233,133.774
12.3,0.1016,55.5,0.0368233,124.244
12.3,0.1016,55.5,0.0368233,125.11399999999999
12.3,0.1016,55.5,0.0368233,125.484
12.3,0.1016,55.5,0.0368233,124.214
12.3,0.1016,55.5,0.0368233,121.824
12.3,0.1016,55.5,0.0368233,118.564
12.3,0.1016,55.5,0.0368233,117.054
12.3,0.1016,55.5,0.0368233,116.914
12.3,0.1016,55.5,0.0368233,114.404
12.3,0.1016,55.5,0.0368233,112.014
12.3,0.1016,55.5,0.0368233,110.124
12.3,0.1016,39.6,0.0408268,128.545
12.3,0.1016,39.6,0.0408268,129.675
12.3,0.1016,39.6,0.0408268,129.415
12.3,0.1016,39.6,0.0408268,128.265
12.3,0.1016,39.6,0.0408268,122.205
12.3,0.1016,39.6,0.0408268,121.315
12.3,0.1016,39.6,0.0408268,122.315
12.3,0.1016,39.6,0.0408268,122.435
12.3,0.1016,39.6,0.0408268,121.165
12.3,0.1016,39.6,0.0408268,117.875
12.3,0.1016,39.6,0.0408268,114.085
12.3,0.1016,39.6,0.0408268,113.315
12.3,0.1016,39.6,0.0408268,113.055
12.3,0.1016,39.6,0.0408268,110.905
12.3,0.1016,39.6,0.0408268,108.625
12.3,0.1016,39.6,0.0408268,107.985
12.3,0.1016,31.7,0.0418756,124.98700000000001
12.3,0.1016,31.7,0.0418756,125.85700000000001
12.3,0.1016,31.7,0.0418756,124.71700000000001
12.3,0.1016,31.7,0.0418756,123.20700000000001
12.3,0.1016,31.7,0.0418756,118.667
12.3,0.1016,31.7,0.0418756,119.287
12.3,0.1016,31.7,0.0418756,120.037
12.3,0.1016,31.7,0.0418756,119.777
12.3,0.1016,31.7,0.0418756,118.76700000000001
12.3,0.1016,31.7,0.0418756,114.477
12.3,0.1016,31.7,0.0418756,110.447
12.3,0.1016,31.7,0.0418756,110.31700000000001
12.3,0.1016,31.7,0.0418756,110.307
12.3,0.1016,31.7,0.0418756,108.40700000000001
12.3,0.1016,31.7,0.0418756,107.147
12.3,0.1016,31.7,0.0418756,107.26700000000001
15.6,0.1016,71.3,0.0437259,130.898
15.6,0.1016,71.3,0.0437259,132.158
15.6,0.1016,71.3,0.0437259,133.808
15.6,0.1016,71.3,0.0437259,134.058
15.6,0.1016,71.3,0.0437259,130.638
15.6,0.1016,71.3,0.0437259,122.288
15.6,0.1016,71.3,0.0437259,124.18799999999999
15.6,0.1016,71.3,0.0437259,124.43799999999999
15.6,0.1016,71.3,0.0437259,123.178
15.6,0.1016,71.3,0.0437259,121.52799999999999
15.6,0.1016,71.3,0.0437259,119.88799999999999
15.6,0.1016,71.3,0.0437259,118.99799999999999
15.6,0.1016,71.3,0.0437259,116.46799999999999
15.6,0.1016,71.3,0.0437259,113.29799999999999
15.6,0.1016,39.6,0.0528487,123.514
15.6,0.1016,39.6,0.0528487,124.64399999999999
15.6,0.1016,39.6,0.0528487,122.75399999999999
15.6,0.1016,39.6,0.0528487,120.484
15.6,0.1016,39.6,0.0528487,115.304
15.6,0.1016,39.6,0.0528487,118.084
15.6,0.1016,39.6,0.0528487,118.964
15.6,0.1016,39.6,0.0528487,119.22399999999999
15.6,0.1016,39.6,0.0528487,118.214
15.6,0.1016,39.6,0.0528487,114.554
15.6,0.1016,39.6,0.0528487,110.89399999999999
15.6,0.1016,39.6,0.0528487,110.264
15.6,0.1016,39.6,0.0528487,109.25399999999999
15.6,0.1016,39.6,0.0528487,106.604
15.6,0.1016,39.6,0.0528487,106.22399999999999
15.6,0.1016,39.6,0.0528487,104.204
